"filename", "language", "JavaScript", "SCSS", "JavaScript React", "CSS", "JSON with Comments", "Markdown", "JSON", "XML", "YAML", "TypeScript", "Handlebars", "HTML", "comment", "blank", "total"
"/Users/apple/Documents/Projects/ivex/.github/workflows/node.js.yml", "YAML", 0, 0, 0, 0, 0, 0, 0, 0, 25, 0, 0, 0, 2, 3, 30
"/Users/apple/Documents/Projects/ivex/client/.eslintrc.json", "JSON with Comments", 0, 0, 0, 0, 29, 0, 0, 0, 0, 0, 0, 0, 0, 4, 33
"/Users/apple/Documents/Projects/ivex/client/README.md", "Markdown", 0, 0, 0, 0, 0, 38, 0, 0, 0, 0, 0, 0, 0, 33, 71
"/Users/apple/Documents/Projects/ivex/client/package.json", "JSON", 0, 0, 0, 0, 0, 0, 70, 0, 0, 0, 0, 0, 0, 1, 71
"/Users/apple/Documents/Projects/ivex/client/public/animations/BG.svg", "XML", 0, 0, 0, 0, 0, 0, 0, 2, 0, 0, 0, 0, 0, 0, 2
"/Users/apple/Documents/Projects/ivex/client/public/animations/GDPR-VOP.svg", "XML", 0, 0, 0, 0, 0, 0, 0, 2, 0, 0, 0, 0, 0, 0, 2
"/Users/apple/Documents/Projects/ivex/client/public/animations/Landing-jednoduche.svg", "XML", 0, 0, 0, 0, 0, 0, 0, 2, 0, 0, 0, 0, 0, 0, 2
"/Users/apple/Documents/Projects/ivex/client/public/animations/bg_blue.svg", "XML", 0, 0, 0, 0, 0, 0, 0, 2, 0, 0, 0, 0, 0, 0, 2
"/Users/apple/Documents/Projects/ivex/client/public/animations/bg_white.svg", "XML", 0, 0, 0, 0, 0, 0, 0, 2, 0, 0, 0, 0, 0, 0, 2
"/Users/apple/Documents/Projects/ivex/client/public/animations/change-password.svg", "XML", 0, 0, 0, 0, 0, 0, 0, 2, 0, 0, 0, 0, 0, 0, 2
"/Users/apple/Documents/Projects/ivex/client/public/animations/forgot-password.svg", "XML", 0, 0, 0, 0, 0, 0, 0, 2, 0, 0, 0, 0, 0, 0, 2
"/Users/apple/Documents/Projects/ivex/client/public/animations/landing-students.svg", "XML", 0, 0, 0, 0, 0, 0, 0, 2, 0, 0, 0, 0, 0, 0, 2
"/Users/apple/Documents/Projects/ivex/client/public/animations/landing_online.svg", "XML", 0, 0, 0, 0, 0, 0, 0, 2, 0, 0, 0, 0, 0, 0, 2
"/Users/apple/Documents/Projects/ivex/client/public/animations/login.svg", "XML", 0, 0, 0, 0, 0, 0, 0, 2, 0, 0, 0, 0, 0, 0, 2
"/Users/apple/Documents/Projects/ivex/client/public/animations/reg-info.svg", "XML", 0, 0, 0, 0, 0, 0, 0, 2, 0, 0, 0, 0, 0, 0, 2
"/Users/apple/Documents/Projects/ivex/client/public/animations/reg-nadseni.svg", "XML", 0, 0, 0, 0, 0, 0, 0, 2, 0, 0, 0, 0, 0, 0, 2
"/Users/apple/Documents/Projects/ivex/client/public/animations/spristupni.svg", "XML", 0, 0, 0, 0, 0, 0, 0, 2, 0, 0, 0, 0, 0, 0, 2
"/Users/apple/Documents/Projects/ivex/client/public/animations/thanks.svg", "XML", 0, 0, 0, 0, 0, 0, 0, 2, 0, 0, 0, 0, 0, 0, 2
"/Users/apple/Documents/Projects/ivex/client/public/css/index.css", "CSS", 0, 0, 0, 26, 0, 0, 0, 0, 0, 0, 0, 0, 375, 5, 406
"/Users/apple/Documents/Projects/ivex/client/public/icons/arrow-accordion.svg", "XML", 0, 0, 0, 0, 0, 0, 0, 6, 0, 0, 0, 0, 0, 1, 7
"/Users/apple/Documents/Projects/ivex/client/public/icons/arrow-down.svg", "XML", 0, 0, 0, 0, 0, 0, 0, 3, 0, 0, 0, 0, 0, 1, 4
"/Users/apple/Documents/Projects/ivex/client/public/icons/books.svg", "XML", 0, 0, 0, 0, 0, 0, 0, 10, 0, 0, 0, 0, 0, 1, 11
"/Users/apple/Documents/Projects/ivex/client/public/icons/dark.svg", "XML", 0, 0, 0, 0, 0, 0, 0, 10, 0, 0, 0, 0, 0, 0, 10
"/Users/apple/Documents/Projects/ivex/client/public/icons/guma-aktivni.svg", "XML", 0, 0, 0, 0, 0, 0, 0, 4, 0, 0, 0, 0, 0, 1, 5
"/Users/apple/Documents/Projects/ivex/client/public/icons/guma-ne-aktivni.svg", "XML", 0, 0, 0, 0, 0, 0, 0, 4, 0, 0, 0, 0, 0, 1, 5
"/Users/apple/Documents/Projects/ivex/client/public/icons/info.svg", "XML", 0, 0, 0, 0, 0, 0, 0, 26, 0, 0, 0, 0, 0, 1, 27
"/Users/apple/Documents/Projects/ivex/client/public/icons/light.svg", "XML", 0, 0, 0, 0, 0, 0, 0, 12, 0, 0, 0, 0, 0, 0, 12
"/Users/apple/Documents/Projects/ivex/client/public/icons/mark-d.svg", "XML", 0, 0, 0, 0, 0, 0, 0, 6, 0, 0, 0, 0, 0, 1, 7
"/Users/apple/Documents/Projects/ivex/client/public/icons/mark-l.svg", "XML", 0, 0, 0, 0, 0, 0, 0, 6, 0, 0, 0, 0, 0, 1, 7
"/Users/apple/Documents/Projects/ivex/client/public/icons/marker-blue.svg", "XML", 0, 0, 0, 0, 0, 0, 0, 3, 0, 0, 0, 0, 0, 1, 4
"/Users/apple/Documents/Projects/ivex/client/public/icons/marker-green.svg", "XML", 0, 0, 0, 0, 0, 0, 0, 3, 0, 0, 0, 0, 0, 1, 4
"/Users/apple/Documents/Projects/ivex/client/public/icons/marker-purple.svg", "XML", 0, 0, 0, 0, 0, 0, 0, 3, 0, 0, 0, 0, 0, 1, 4
"/Users/apple/Documents/Projects/ivex/client/public/icons/marker-red.svg", "XML", 0, 0, 0, 0, 0, 0, 0, 3, 0, 0, 0, 0, 0, 1, 4
"/Users/apple/Documents/Projects/ivex/client/public/icons/menu-d.svg", "XML", 0, 0, 0, 0, 0, 0, 0, 14, 0, 0, 0, 0, 0, 0, 14
"/Users/apple/Documents/Projects/ivex/client/public/icons/next.svg", "XML", 0, 0, 0, 0, 0, 0, 0, 7, 0, 0, 0, 0, 0, 0, 7
"/Users/apple/Documents/Projects/ivex/client/public/icons/prev.svg", "XML", 0, 0, 0, 0, 0, 0, 0, 5, 0, 0, 0, 0, 0, 1, 6
"/Users/apple/Documents/Projects/ivex/client/public/icons/punctuality.svg", "XML", 0, 0, 0, 0, 0, 0, 0, 3, 0, 0, 0, 0, 0, 1, 4
"/Users/apple/Documents/Projects/ivex/client/public/icons/search-icon.svg", "XML", 0, 0, 0, 0, 0, 0, 0, 3, 0, 0, 0, 0, 0, 1, 4
"/Users/apple/Documents/Projects/ivex/client/public/icons/search.svg", "XML", 0, 0, 0, 0, 0, 0, 0, 4, 0, 0, 0, 0, 0, 1, 5
"/Users/apple/Documents/Projects/ivex/client/public/icons/select-arrow.svg", "XML", 0, 0, 0, 0, 0, 0, 0, 3, 0, 0, 0, 0, 0, 1, 4
"/Users/apple/Documents/Projects/ivex/client/public/icons/student.svg", "XML", 0, 0, 0, 0, 0, 0, 0, 18, 0, 0, 0, 0, 0, 1, 19
"/Users/apple/Documents/Projects/ivex/client/public/icons/unlimited-storage.svg", "XML", 0, 0, 0, 0, 0, 0, 0, 7, 0, 0, 0, 0, 0, 1, 8
"/Users/apple/Documents/Projects/ivex/client/public/icons/zoom-in-d.svg", "XML", 0, 0, 0, 0, 0, 0, 0, 11, 0, 0, 0, 0, 0, 0, 11
"/Users/apple/Documents/Projects/ivex/client/public/icons/zoom-in-l.svg", "XML", 0, 0, 0, 0, 0, 0, 0, 11, 0, 0, 0, 0, 0, 0, 11
"/Users/apple/Documents/Projects/ivex/client/public/icons/zoom-out-d.svg", "XML", 0, 0, 0, 0, 0, 0, 0, 10, 0, 0, 0, 0, 0, 0, 10
"/Users/apple/Documents/Projects/ivex/client/public/icons/zoom-out-l.svg", "XML", 0, 0, 0, 0, 0, 0, 0, 10, 0, 0, 0, 0, 0, 0, 10
"/Users/apple/Documents/Projects/ivex/client/public/img/alexadner_svetlik.svg", "XML", 0, 0, 0, 0, 0, 0, 0, 20, 0, 0, 0, 0, 0, 1, 21
"/Users/apple/Documents/Projects/ivex/client/public/img/burger.svg", "XML", 0, 0, 0, 0, 0, 0, 0, 5, 0, 0, 0, 0, 0, 1, 6
"/Users/apple/Documents/Projects/ivex/client/public/img/euro.svg", "XML", 0, 0, 0, 0, 0, 0, 0, 3, 0, 0, 0, 0, 0, 1, 4
"/Users/apple/Documents/Projects/ivex/client/public/img/eye.svg", "XML", 0, 0, 0, 0, 0, 0, 0, 3, 0, 0, 0, 0, 0, 1, 4
"/Users/apple/Documents/Projects/ivex/client/public/img/hand_icon.svg", "XML", 0, 0, 0, 0, 0, 0, 0, 3, 0, 0, 0, 0, 0, 1, 4
"/Users/apple/Documents/Projects/ivex/client/public/img/ivan_fratric.svg", "XML", 0, 0, 0, 0, 0, 0, 0, 20, 0, 0, 0, 0, 0, 1, 21
"/Users/apple/Documents/Projects/ivex/client/public/img/price_wave.svg", "XML", 0, 0, 0, 0, 0, 0, 0, 3, 0, 0, 0, 0, 0, 1, 4
"/Users/apple/Documents/Projects/ivex/client/public/img/star.svg", "XML", 0, 0, 0, 0, 0, 0, 0, 3, 0, 0, 0, 0, 0, 1, 4
"/Users/apple/Documents/Projects/ivex/client/public/img/star_full.svg", "XML", 0, 0, 0, 0, 0, 0, 0, 3, 0, 0, 0, 0, 0, 1, 4
"/Users/apple/Documents/Projects/ivex/client/public/img/vlajka.svg", "XML", 0, 0, 0, 0, 0, 0, 0, 3, 0, 0, 0, 0, 0, 1, 4
"/Users/apple/Documents/Projects/ivex/client/public/img/wave-down-gray.svg", "XML", 0, 0, 0, 0, 0, 0, 0, 3, 0, 0, 0, 0, 0, 1, 4
"/Users/apple/Documents/Projects/ivex/client/public/img/wave-down.svg", "XML", 0, 0, 0, 0, 0, 0, 0, 3, 0, 0, 0, 0, 0, 1, 4
"/Users/apple/Documents/Projects/ivex/client/public/img/wave-gray.svg", "XML", 0, 0, 0, 0, 0, 0, 0, 3, 0, 0, 0, 0, 0, 1, 4
"/Users/apple/Documents/Projects/ivex/client/public/img/wave-up.svg", "XML", 0, 0, 0, 0, 0, 0, 0, 3, 0, 0, 0, 0, 0, 1, 4
"/Users/apple/Documents/Projects/ivex/client/public/img/wave-white.svg", "XML", 0, 0, 0, 0, 0, 0, 0, 3, 0, 0, 0, 0, 0, 1, 4
"/Users/apple/Documents/Projects/ivex/client/public/index.html", "HTML", 0, 0, 0, 0, 0, 0, 0, 0, 0, 0, 0, 46, 12, 4, 62
"/Users/apple/Documents/Projects/ivex/client/public/js/AnnotatorExtra.js", "JavaScript", 32, 0, 0, 0, 0, 0, 0, 0, 0, 0, 0, 0, 3, 4, 39
"/Users/apple/Documents/Projects/ivex/client/public/js/script.js", "JavaScript", 36, 0, 0, 0, 0, 0, 0, 0, 0, 0, 0, 0, 7, 5, 48
"/Users/apple/Documents/Projects/ivex/client/public/lib/jquery-1.8.2.js", "JavaScript", 6518, 0, 0, 0, 0, 0, 0, 0, 0, 0, 0, 0, 1430, 1493, 9441
"/Users/apple/Documents/Projects/ivex/client/public/manifest.json", "JSON", 0, 0, 0, 0, 0, 0, 15, 0, 0, 0, 0, 0, 0, 1, 16
"/Users/apple/Documents/Projects/ivex/client/public/sitemap.xml", "XML", 0, 0, 0, 0, 0, 0, 0, 10, 0, 0, 0, 0, 0, 1, 11
"/Users/apple/Documents/Projects/ivex/client/src/App.js", "JavaScript", 2036, 0, 0, 0, 0, 0, 0, 0, 0, 0, 0, 0, 73, 100, 2209
"/Users/apple/Documents/Projects/ivex/client/src/Components/AdminCreateUser/AdminCreateUser.comp.js", "JavaScript", 320, 0, 0, 0, 0, 0, 0, 0, 0, 0, 0, 0, 2, 14, 336
"/Users/apple/Documents/Projects/ivex/client/src/Components/AdminCreateUser/_adminCreateUser.scss", "SCSS", 0, 6, 0, 0, 0, 0, 0, 0, 0, 0, 0, 0, 0, 1, 7
"/Users/apple/Documents/Projects/ivex/client/src/Components/ChangePassword/ChangePassword.js", "JavaScript", 124, 0, 0, 0, 0, 0, 0, 0, 0, 0, 0, 0, 6, 9, 139
"/Users/apple/Documents/Projects/ivex/client/src/Components/ChangePassword/_changePassword.scss", "SCSS", 0, 74, 0, 0, 0, 0, 0, 0, 0, 0, 0, 0, 0, 19, 93
"/Users/apple/Documents/Projects/ivex/client/src/Components/CookieBanner/_cookieBanner.scss", "SCSS", 0, 35, 0, 0, 0, 0, 0, 0, 0, 0, 0, 0, 0, 6, 41
"/Users/apple/Documents/Projects/ivex/client/src/Components/CookieBanner/cookiebanner.js", "JavaScript", 55, 0, 0, 0, 0, 0, 0, 0, 0, 0, 0, 0, 0, 3, 58
"/Users/apple/Documents/Projects/ivex/client/src/Components/FooterComps/Contact/Contact.js", "JavaScript", 326, 0, 0, 0, 0, 0, 0, 0, 0, 0, 0, 0, 3, 26, 355
"/Users/apple/Documents/Projects/ivex/client/src/Components/FooterComps/Contact/ContactSectionI/ContactSectionI.js", "JavaScript", 24, 0, 0, 0, 0, 0, 0, 0, 0, 0, 0, 0, 0, 6, 30
"/Users/apple/Documents/Projects/ivex/client/src/Components/FooterComps/Contact/ContactSectionI/_contactSectionI.scss", "SCSS", 0, 30, 0, 0, 0, 0, 0, 0, 0, 0, 0, 0, 0, 5, 35
"/Users/apple/Documents/Projects/ivex/client/src/Components/FooterComps/Contact/_contact.scss", "SCSS", 0, 55, 0, 0, 0, 0, 0, 0, 0, 0, 0, 0, 3, 16, 74
"/Users/apple/Documents/Projects/ivex/client/src/Components/FooterComps/FAQ/FAQ.js", "JavaScript", 221, 0, 0, 0, 0, 0, 0, 0, 0, 0, 0, 0, 1, 20, 242
"/Users/apple/Documents/Projects/ivex/client/src/Components/FooterComps/FAQ/_faq.scss", "SCSS", 0, 21, 0, 0, 0, 0, 0, 0, 0, 0, 0, 0, 0, 8, 29
"/Users/apple/Documents/Projects/ivex/client/src/Components/FooterComps/GDPR/GDPR.js", "JavaScript", 1024, 0, 0, 0, 0, 0, 0, 0, 0, 0, 0, 0, 0, 154, 1178
"/Users/apple/Documents/Projects/ivex/client/src/Components/FooterComps/GDPR/GdprSectionI/GdprSectionI.js", "JavaScript", 24, 0, 0, 0, 0, 0, 0, 0, 0, 0, 0, 0, 0, 6, 30
"/Users/apple/Documents/Projects/ivex/client/src/Components/FooterComps/GDPR/GdprSectionI/_gdprSectionI.scss", "SCSS", 0, 30, 0, 0, 0, 0, 0, 0, 0, 0, 0, 0, 0, 5, 35
"/Users/apple/Documents/Projects/ivex/client/src/Components/FooterComps/GDPR/_gdpr.scss", "SCSS", 0, 74, 0, 0, 0, 0, 0, 0, 0, 0, 0, 0, 0, 19, 93
"/Users/apple/Documents/Projects/ivex/client/src/Components/FooterComps/VOP/VOP.js", "JavaScript", 228, 0, 0, 0, 0, 0, 0, 0, 0, 0, 0, 0, 0, 16, 244
"/Users/apple/Documents/Projects/ivex/client/src/Components/FooterComps/VOP/VopSectionI/VopSectionI.js", "JavaScript", 24, 0, 0, 0, 0, 0, 0, 0, 0, 0, 0, 0, 0, 6, 30
"/Users/apple/Documents/Projects/ivex/client/src/Components/FooterComps/VOP/VopSectionI/_vopSectionI.scss", "SCSS", 0, 30, 0, 0, 0, 0, 0, 0, 0, 0, 0, 0, 0, 5, 35
"/Users/apple/Documents/Projects/ivex/client/src/Components/FooterComps/VOP/_vop.scss", "SCSS", 0, 44, 0, 0, 0, 0, 0, 0, 0, 0, 0, 0, 0, 12, 56
"/Users/apple/Documents/Projects/ivex/client/src/Components/ForgottenPassword/ForgottenPassword.js", "JavaScript", 137, 0, 0, 0, 0, 0, 0, 0, 0, 0, 0, 0, 3, 9, 149
"/Users/apple/Documents/Projects/ivex/client/src/Components/ForgottenPassword/_forgottenPassword.scss", "SCSS", 0, 73, 0, 0, 0, 0, 0, 0, 0, 0, 0, 0, 0, 20, 93
"/Users/apple/Documents/Projects/ivex/client/src/Components/FrontPage/FrontPage.js", "JavaScript", 43, 0, 0, 0, 0, 0, 0, 0, 0, 0, 0, 0, 1, 5, 49
"/Users/apple/Documents/Projects/ivex/client/src/Components/FrontPage/MembershipFrontpage/MembershipFrontpage.js", "JavaScript", 226, 0, 0, 0, 0, 0, 0, 0, 0, 0, 0, 0, 1, 12, 239
"/Users/apple/Documents/Projects/ivex/client/src/Components/FrontPage/MembershipFrontpage/_membershipFrontpage.scss", "SCSS", 0, 88, 0, 0, 0, 0, 0, 0, 0, 0, 0, 0, 1, 20, 109
"/Users/apple/Documents/Projects/ivex/client/src/Components/FrontPage/PickedScripts/Pickedscripts.comp.js", "JavaScript", 109, 0, 0, 0, 0, 0, 0, 0, 0, 0, 0, 0, 1, 9, 119
"/Users/apple/Documents/Projects/ivex/client/src/Components/FrontPage/PickedScripts/_Pickedscript.comp.scss", "SCSS", 0, 103, 0, 0, 0, 0, 0, 0, 0, 0, 0, 0, 1, 12, 116
"/Users/apple/Documents/Projects/ivex/client/src/Components/FrontPage/SectionI/SectionI.js", "JavaScript", 195, 0, 0, 0, 0, 0, 0, 0, 0, 0, 0, 0, 2, 20, 217
"/Users/apple/Documents/Projects/ivex/client/src/Components/FrontPage/SectionI/_sectionI.scss", "SCSS", 0, 123, 0, 0, 0, 0, 0, 0, 0, 0, 0, 0, 0, 26, 149
"/Users/apple/Documents/Projects/ivex/client/src/Components/FrontPage/SectionII/SectionII.js", "JavaScript", 61, 0, 0, 0, 0, 0, 0, 0, 0, 0, 0, 0, 0, 13, 74
"/Users/apple/Documents/Projects/ivex/client/src/Components/FrontPage/SectionII/_sectionII.scss", "SCSS", 0, 40, 0, 0, 0, 0, 0, 0, 0, 0, 0, 0, 2, 7, 49
"/Users/apple/Documents/Projects/ivex/client/src/Components/FrontPage/SectionIII/SectionIII.js", "JavaScript", 65, 0, 0, 0, 0, 0, 0, 0, 0, 0, 0, 0, 0, 11, 76
"/Users/apple/Documents/Projects/ivex/client/src/Components/FrontPage/SectionIII/_sectionIII.scss", "SCSS", 0, 84, 0, 0, 0, 0, 0, 0, 0, 0, 0, 0, 2, 15, 101
"/Users/apple/Documents/Projects/ivex/client/src/Components/Library/Library.comp.js", "JavaScript", 297, 0, 0, 0, 0, 0, 0, 0, 0, 0, 0, 0, 5, 22, 324
"/Users/apple/Documents/Projects/ivex/client/src/Components/Library/LibraryCategoryComponent.js", "JavaScript", 88, 0, 0, 0, 0, 0, 0, 0, 0, 0, 0, 0, 1, 11, 100
"/Users/apple/Documents/Projects/ivex/client/src/Components/Library/_library.comp.scss", "SCSS", 0, 51, 0, 0, 0, 0, 0, 0, 0, 0, 0, 0, 0, 14, 65
"/Users/apple/Documents/Projects/ivex/client/src/Components/Library/_librarycategorycomponent.scss", "SCSS", 0, 29, 0, 0, 0, 0, 0, 0, 0, 0, 0, 0, 0, 6, 35
"/Users/apple/Documents/Projects/ivex/client/src/Components/Login/Login.js", "JavaScript", 221, 0, 0, 0, 0, 0, 0, 0, 0, 0, 0, 0, 10, 13, 244
"/Users/apple/Documents/Projects/ivex/client/src/Components/Login/_login.scss", "SCSS", 0, 77, 0, 0, 0, 0, 0, 0, 0, 0, 0, 0, 0, 22, 99
"/Users/apple/Documents/Projects/ivex/client/src/Components/Page404/Page404.comp.js", "JavaScript", 29, 0, 0, 0, 0, 0, 0, 0, 0, 0, 0, 0, 1, 7, 37
"/Users/apple/Documents/Projects/ivex/client/src/Components/Page404/_page404.scss", "SCSS", 0, 17, 0, 0, 0, 0, 0, 0, 0, 0, 0, 0, 0, 4, 21
"/Users/apple/Documents/Projects/ivex/client/src/Components/PdfViewer/PdfViewer.css", "CSS", 0, 0, 0, 436, 0, 0, 0, 0, 0, 0, 0, 0, 24, 93, 553
"/Users/apple/Documents/Projects/ivex/client/src/Components/PdfViewer/PdfViewer.js", "JavaScript", 848, 0, 0, 0, 0, 0, 0, 0, 0, 0, 0, 0, 110, 74, 1032
"/Users/apple/Documents/Projects/ivex/client/src/Components/Profile/AdminProfile/AdminCategoriesTable/AdminCategoriesTable.comp.js", "JavaScript", 207, 0, 0, 0, 0, 0, 0, 0, 0, 0, 0, 0, 2, 13, 222
"/Users/apple/Documents/Projects/ivex/client/src/Components/Profile/AdminProfile/AdminCategoriesTable/_adminCategoriesTable.scss", "SCSS", 0, 57, 0, 0, 0, 0, 0, 0, 0, 0, 0, 0, 5, 12, 74
"/Users/apple/Documents/Projects/ivex/client/src/Components/Profile/AdminProfile/AdminProfile.comp.js", "JavaScript", 452, 0, 0, 0, 0, 0, 0, 0, 0, 0, 0, 0, 12, 25, 489
"/Users/apple/Documents/Projects/ivex/client/src/Components/Profile/AdminProfile/AdminPublisherProfile/AdminPublisherProfile.comp.js", "JavaScript", 842, 0, 0, 0, 0, 0, 0, 0, 0, 0, 0, 0, 5, 36, 883
"/Users/apple/Documents/Projects/ivex/client/src/Components/Profile/AdminProfile/AdminPublisherProfile/_adminPublisherProfile.scss", "SCSS", 0, 70, 0, 0, 0, 0, 0, 0, 0, 0, 0, 0, 0, 19, 89
"/Users/apple/Documents/Projects/ivex/client/src/Components/Profile/AdminProfile/AdminScriptsTable/AdminScriptsTable.comp.js", "JavaScript", 144, 0, 0, 0, 0, 0, 0, 0, 0, 0, 0, 0, 5, 8, 157
"/Users/apple/Documents/Projects/ivex/client/src/Components/Profile/AdminProfile/AdminScriptsTable/_adminScriptsTable.scss", "SCSS", 0, 50, 0, 0, 0, 0, 0, 0, 0, 0, 0, 0, 5, 11, 66
"/Users/apple/Documents/Projects/ivex/client/src/Components/Profile/AdminProfile/AdminUserProfile/AdminUserProfile.comp.js", "JavaScript", 692, 0, 0, 0, 0, 0, 0, 0, 0, 0, 0, 0, 4, 27, 723
"/Users/apple/Documents/Projects/ivex/client/src/Components/Profile/AdminProfile/AdminUserProfile/_adminUserProfile.scss", "SCSS", 0, 35, 0, 0, 0, 0, 0, 0, 0, 0, 0, 0, 0, 10, 45
"/Users/apple/Documents/Projects/ivex/client/src/Components/Profile/AdminProfile/AdminUserTable/AdminUserTable.comp.js", "JavaScript", 284, 0, 0, 0, 0, 0, 0, 0, 0, 0, 0, 0, 3, 11, 298
"/Users/apple/Documents/Projects/ivex/client/src/Components/Profile/AdminProfile/AdminUserTable/_adminUserTable.scss", "SCSS", 0, 50, 0, 0, 0, 0, 0, 0, 0, 0, 0, 0, 5, 10, 65
"/Users/apple/Documents/Projects/ivex/client/src/Components/Profile/AdminProfile/CreatePublisher/CreatePublisher.comp.js", "JavaScript", 179, 0, 0, 0, 0, 0, 0, 0, 0, 0, 0, 0, 6, 5, 190
"/Users/apple/Documents/Projects/ivex/client/src/Components/Profile/AdminProfile/CreatePublisher/_createPublisher.scss", "SCSS", 0, 10, 0, 0, 0, 0, 0, 0, 0, 0, 0, 0, 0, 2, 12
"/Users/apple/Documents/Projects/ivex/client/src/Components/Profile/AdminProfile/CreateScript/CreateScript.js", "JavaScript", 580, 0, 0, 0, 0, 0, 0, 0, 0, 0, 0, 0, 19, 31, 630
"/Users/apple/Documents/Projects/ivex/client/src/Components/Profile/AdminProfile/CreateScript/_createScript.scss", "SCSS", 0, 3, 0, 0, 0, 0, 0, 0, 0, 0, 0, 0, 0, 0, 3
"/Users/apple/Documents/Projects/ivex/client/src/Components/Profile/AdminProfile/EditAdminProfile/EditAdminProfile.comp.js", "JavaScript", 195, 0, 0, 0, 0, 0, 0, 0, 0, 0, 0, 0, 4, 11, 210
"/Users/apple/Documents/Projects/ivex/client/src/Components/Profile/AdminProfile/EditAdminProfile/_editAdminProfile.scss", "SCSS", 0, 18, 0, 0, 0, 0, 0, 0, 0, 0, 0, 0, 0, 4, 22
"/Users/apple/Documents/Projects/ivex/client/src/Components/Profile/AdminProfile/_adminProfile.scss", "SCSS", 0, 161, 0, 0, 0, 0, 0, 0, 0, 0, 0, 0, 5, 34, 200
"/Users/apple/Documents/Projects/ivex/client/src/Components/Profile/Profile.comp.js", "JavaScript", 116, 0, 0, 0, 0, 0, 0, 0, 0, 0, 0, 0, 1, 8, 125
"/Users/apple/Documents/Projects/ivex/client/src/Components/Profile/ProfileAllScripts/ProfileAllScripts.js", "JavaScript", 83, 0, 0, 0, 0, 0, 0, 0, 0, 0, 0, 0, 2, 11, 96
"/Users/apple/Documents/Projects/ivex/client/src/Components/Profile/ProfileCarousel/ProfileCarousel.comp.js", "JavaScript", 137, 0, 0, 0, 0, 0, 0, 0, 0, 0, 0, 0, 2, 14, 153
"/Users/apple/Documents/Projects/ivex/client/src/Components/Profile/ProfileCarousel/ProfileCarouselDefault.comp.js", "JavaScript", 89, 0, 0, 0, 0, 0, 0, 0, 0, 0, 0, 0, 1, 7, 97
"/Users/apple/Documents/Projects/ivex/client/src/Components/Profile/ProfileCarousel/_profileCarousel.scss", "SCSS", 0, 69, 0, 0, 0, 0, 0, 0, 0, 0, 0, 0, 1, 6, 76
"/Users/apple/Documents/Projects/ivex/client/src/Components/Profile/PublisherProfile/ChangeScriptPublisher/ChangeScriptPublisher.js", "JavaScript", 159, 0, 0, 0, 0, 0, 0, 0, 0, 0, 0, 0, 1, 12, 172
"/Users/apple/Documents/Projects/ivex/client/src/Components/Profile/PublisherProfile/ChangeScriptPublisher/_changeScriptPublisher.scss", "SCSS", 0, 24, 0, 0, 0, 0, 0, 0, 0, 0, 0, 0, 0, 3, 27
"/Users/apple/Documents/Projects/ivex/client/src/Components/Profile/PublisherProfile/CreateScriptPublisher/CreateScriptPublisher.js", "JavaScript", 544, 0, 0, 0, 0, 0, 0, 0, 0, 0, 0, 0, 19, 31, 594
"/Users/apple/Documents/Projects/ivex/client/src/Components/Profile/PublisherProfile/CreateScriptPublisher/_createScriptPublisher.scss", "SCSS", 0, 28, 0, 0, 0, 0, 0, 0, 0, 0, 0, 0, 0, 5, 33
"/Users/apple/Documents/Projects/ivex/client/src/Components/Profile/PublisherProfile/PublisherProfile.comp.js", "JavaScript", 819, 0, 0, 0, 0, 0, 0, 0, 0, 0, 0, 0, 2, 29, 850
"/Users/apple/Documents/Projects/ivex/client/src/Components/Profile/PublisherProfile/_publisherProfile.scss", "SCSS", 0, 41, 0, 0, 0, 0, 0, 0, 0, 0, 0, 0, 0, 11, 52
"/Users/apple/Documents/Projects/ivex/client/src/Components/Profile/UserProfile/UserProfile.comp.js", "JavaScript", 284, 0, 0, 0, 0, 0, 0, 0, 0, 0, 0, 0, 19, 23, 326
"/Users/apple/Documents/Projects/ivex/client/src/Components/Profile/UserProfile/UserProfileParts/_changeInfo.comp.js", "JavaScript", 674, 0, 0, 0, 0, 0, 0, 0, 0, 0, 0, 0, 10, 27, 711
"/Users/apple/Documents/Projects/ivex/client/src/Components/Profile/UserProfile/UserProfileParts/_changePassword.comp.js", "JavaScript", 148, 0, 0, 0, 0, 0, 0, 0, 0, 0, 0, 0, 4, 7, 159
"/Users/apple/Documents/Projects/ivex/client/src/Components/Profile/UserProfile/UserProfileParts/_userCarousels.comp.js", "JavaScript", 93, 0, 0, 0, 0, 0, 0, 0, 0, 0, 0, 0, 9, 13, 115
"/Users/apple/Documents/Projects/ivex/client/src/Components/Profile/UserProfile/_userProfile.scss", "SCSS", 0, 0, 0, 0, 0, 0, 0, 0, 0, 0, 0, 0, 0, 1, 1
"/Users/apple/Documents/Projects/ivex/client/src/Components/Profile/_profile.scss", "SCSS", 0, 96, 0, 0, 0, 0, 0, 0, 0, 0, 0, 0, 2, 19, 117
"/Users/apple/Documents/Projects/ivex/client/src/Components/Registration/MembershipReg/MembershipReg.js", "JavaScript", 277, 0, 0, 0, 0, 0, 0, 0, 0, 0, 0, 0, 1, 8, 286
"/Users/apple/Documents/Projects/ivex/client/src/Components/Registration/MembershipReg/_membershipReg.scss", "SCSS", 0, 73, 0, 0, 0, 0, 0, 0, 0, 0, 0, 0, 1, 17, 91
"/Users/apple/Documents/Projects/ivex/client/src/Components/Registration/RegFormStripe.js", "JavaScript", 37, 0, 0, 0, 0, 0, 0, 0, 0, 0, 0, 0, 11, 10, 58
"/Users/apple/Documents/Projects/ivex/client/src/Components/Registration/RegPaymentStatus.jsx", "JavaScript React", 0, 0, 38, 0, 0, 0, 0, 0, 0, 0, 0, 0, 13, 10, 61
"/Users/apple/Documents/Projects/ivex/client/src/Components/Registration/RegSectionI/RegSectionI.js", "JavaScript", 31, 0, 0, 0, 0, 0, 0, 0, 0, 0, 0, 0, 0, 6, 37
"/Users/apple/Documents/Projects/ivex/client/src/Components/Registration/RegSectionI/_regSectionI.scss", "SCSS", 0, 38, 0, 0, 0, 0, 0, 0, 0, 0, 0, 0, 0, 9, 47
"/Users/apple/Documents/Projects/ivex/client/src/Components/Registration/Registration.comp.js", "JavaScript", 530, 0, 0, 0, 0, 0, 0, 0, 0, 0, 0, 0, 22, 40, 592
"/Users/apple/Documents/Projects/ivex/client/src/Components/Registration/__test__/Registration.test.js", "JavaScript", 236, 0, 0, 0, 0, 0, 0, 0, 0, 0, 0, 0, 61, 66, 363
"/Users/apple/Documents/Projects/ivex/client/src/Components/Registration/_registration.scss", "SCSS", 0, 114, 0, 0, 0, 0, 0, 0, 0, 0, 0, 0, 1, 24, 139
"/Users/apple/Documents/Projects/ivex/client/src/Components/ScriptsPage/Admin/AdminScriptPage.como.js", "JavaScript", 679, 0, 0, 0, 0, 0, 0, 0, 0, 0, 0, 0, 12, 26, 717
"/Users/apple/Documents/Projects/ivex/client/src/Components/ScriptsPage/Admin/_adminScriptPage.scss", "SCSS", 0, 53, 0, 0, 0, 0, 0, 0, 0, 0, 0, 0, 0, 11, 64
"/Users/apple/Documents/Projects/ivex/client/src/Components/ScriptsPage/Scriptspage.comp.js", "JavaScript", 402, 0, 0, 0, 0, 0, 0, 0, 0, 0, 0, 0, 8, 22, 432
"/Users/apple/Documents/Projects/ivex/client/src/Components/ScriptsPage/SectionIScript/SectionIScript.js", "JavaScript", 45, 0, 0, 0, 0, 0, 0, 0, 0, 0, 0, 0, 0, 10, 55
"/Users/apple/Documents/Projects/ivex/client/src/Components/ScriptsPage/SectionIScript/_sectionIScript.scss", "SCSS", 0, 21, 0, 0, 0, 0, 0, 0, 0, 0, 0, 0, 0, 2, 23
"/Users/apple/Documents/Projects/ivex/client/src/Components/ScriptsPage/_scriptspage.comp.scss", "SCSS", 0, 84, 0, 0, 0, 0, 0, 0, 0, 0, 0, 0, 0, 19, 103
"/Users/apple/Documents/Projects/ivex/client/src/Components/Thanks/Thanks.js", "JavaScript", 39, 0, 0, 0, 0, 0, 0, 0, 0, 0, 0, 0, 1, 8, 48
"/Users/apple/Documents/Projects/ivex/client/src/Components/Thanks/_thanks.scss", "SCSS", 0, 17, 0, 0, 0, 0, 0, 0, 0, 0, 0, 0, 0, 4, 21
"/Users/apple/Documents/Projects/ivex/client/src/Components/UnsubscribeFromEmails/UnsubscribeFromEmails.comp.js", "JavaScript", 76, 0, 0, 0, 0, 0, 0, 0, 0, 0, 0, 0, 1, 10, 87
"/Users/apple/Documents/Projects/ivex/client/src/Components/VerificationEmail/EmailVerification.comp.js", "JavaScript", 37, 0, 0, 0, 0, 0, 0, 0, 0, 0, 0, 0, 1, 7, 45
"/Users/apple/Documents/Projects/ivex/client/src/_variables.scss", "SCSS", 0, 457, 0, 0, 0, 0, 0, 0, 0, 0, 0, 0, 24, 92, 573
"/Users/apple/Documents/Projects/ivex/client/src/css/main.min.css", "CSS", 0, 0, 0, 1, 0, 0, 0, 0, 0, 0, 0, 0, 1, 0, 2
"/Users/apple/Documents/Projects/ivex/client/src/helpers/index.js", "JavaScript", 11, 0, 0, 0, 0, 0, 0, 0, 0, 0, 0, 0, 0, 2, 13
"/Users/apple/Documents/Projects/ivex/client/src/helpers/requests/requests.js", "JavaScript", 27, 0, 0, 0, 0, 0, 0, 0, 0, 0, 0, 0, 4, 9, 40
"/Users/apple/Documents/Projects/ivex/client/src/helpers/validators/adminforms.validator.js", "JavaScript", 85, 0, 0, 0, 0, 0, 0, 0, 0, 0, 0, 0, 5, 26, 116
"/Users/apple/Documents/Projects/ivex/client/src/helpers/validators/publisherform.validator.js", "JavaScript", 47, 0, 0, 0, 0, 0, 0, 0, 0, 0, 0, 0, 3, 14, 64
"/Users/apple/Documents/Projects/ivex/client/src/helpers/validators/scriptforms.validator.js", "JavaScript", 57, 0, 0, 0, 0, 0, 0, 0, 0, 0, 0, 0, 6, 16, 79
"/Users/apple/Documents/Projects/ivex/client/src/helpers/validators/userforms.validator.js", "JavaScript", 105, 0, 0, 0, 0, 0, 0, 0, 0, 0, 0, 0, 14, 28, 147
"/Users/apple/Documents/Projects/ivex/client/src/index.css", "CSS", 0, 0, 0, 12, 0, 0, 0, 0, 0, 0, 0, 0, 0, 2, 14
"/Users/apple/Documents/Projects/ivex/client/src/index.js", "JavaScript", 16, 0, 0, 0, 0, 0, 0, 0, 0, 0, 0, 0, 24, 3, 43
"/Users/apple/Documents/Projects/ivex/client/src/main.scss", "SCSS", 0, 59, 0, 0, 0, 0, 0, 0, 0, 0, 0, 0, 1, 4, 64
"/Users/apple/Documents/Projects/ivex/client/src/scripts/annotator.min.js", "JavaScript", 48, 0, 0, 0, 0, 0, 0, 0, 0, 0, 0, 0, 0, 1, 49
"/Users/apple/Documents/Projects/ivex/client/src/utils/Alerts/ErrorAlert/ErrorAlert.util.js", "JavaScript", 25, 0, 0, 0, 0, 0, 0, 0, 0, 0, 0, 0, 1, 5, 31
"/Users/apple/Documents/Projects/ivex/client/src/utils/Alerts/ErrorAlert/_errorAlert.util.scss", "SCSS", 0, 1, 0, 0, 0, 0, 0, 0, 0, 0, 0, 0, 8, 1, 10
"/Users/apple/Documents/Projects/ivex/client/src/utils/Alerts/InfoAlert/InfoAlert.util.js", "JavaScript", 49, 0, 0, 0, 0, 0, 0, 0, 0, 0, 0, 0, 0, 4, 53
"/Users/apple/Documents/Projects/ivex/client/src/utils/Alerts/InfoAlert/_successAlert.util.scss", "SCSS", 0, 16, 0, 0, 0, 0, 0, 0, 0, 0, 0, 0, 0, 3, 19
"/Users/apple/Documents/Projects/ivex/client/src/utils/Alerts/SuccessAlert/SuccessAlert.util.js", "JavaScript", 28, 0, 0, 0, 0, 0, 0, 0, 0, 0, 0, 0, 2, 6, 36
"/Users/apple/Documents/Projects/ivex/client/src/utils/Alerts/SuccessAlert/_successAlert.util.scss", "SCSS", 0, 15, 0, 0, 0, 0, 0, 0, 0, 0, 0, 0, 0, 2, 17
"/Users/apple/Documents/Projects/ivex/client/src/utils/Button/Button.util.js", "JavaScript", 11, 0, 0, 0, 0, 0, 0, 0, 0, 0, 0, 0, 0, 3, 14
"/Users/apple/Documents/Projects/ivex/client/src/utils/Button/Radio.util.js", "JavaScript", 12, 0, 0, 0, 0, 0, 0, 0, 0, 0, 0, 0, 0, 5, 17
"/Users/apple/Documents/Projects/ivex/client/src/utils/Button/SearchButton.util.js", "JavaScript", 9, 0, 0, 0, 0, 0, 0, 0, 0, 0, 0, 0, 0, 2, 11
"/Users/apple/Documents/Projects/ivex/client/src/utils/Button/_button.util.scss", "SCSS", 0, 122, 0, 0, 0, 0, 0, 0, 0, 0, 0, 0, 3, 24, 149
"/Users/apple/Documents/Projects/ivex/client/src/utils/Footer/Footer.util.js", "JavaScript", 74, 0, 0, 0, 0, 0, 0, 0, 0, 0, 0, 0, 6, 6, 86
"/Users/apple/Documents/Projects/ivex/client/src/utils/Footer/_footer.util.scss", "SCSS", 0, 41, 0, 0, 0, 0, 0, 0, 0, 0, 0, 0, 1, 9, 51
"/Users/apple/Documents/Projects/ivex/client/src/utils/FrontpageCard/FrontpageCard.util.js", "JavaScript", 14, 0, 0, 0, 0, 0, 0, 0, 0, 0, 0, 0, 0, 4, 18
"/Users/apple/Documents/Projects/ivex/client/src/utils/FrontpageCard/_frontpageCard.util.scss", "SCSS", 0, 41, 0, 0, 0, 0, 0, 0, 0, 0, 0, 0, 0, 4, 45
"/Users/apple/Documents/Projects/ivex/client/src/utils/Heading/Heading.util.js", "JavaScript", 23, 0, 0, 0, 0, 0, 0, 0, 0, 0, 0, 0, 0, 4, 27
"/Users/apple/Documents/Projects/ivex/client/src/utils/Heading/_heading.util.scss", "SCSS", 0, 40, 0, 0, 0, 0, 0, 0, 0, 0, 0, 0, 0, 6, 46
"/Users/apple/Documents/Projects/ivex/client/src/utils/LineChart/LineChart.js", "JavaScript", 180, 0, 0, 0, 0, 0, 0, 0, 0, 0, 0, 0, 1, 15, 196
"/Users/apple/Documents/Projects/ivex/client/src/utils/LineChart/_lineChart.util.scss", "SCSS", 0, 19, 0, 0, 0, 0, 0, 0, 0, 0, 0, 0, 0, 4, 23
"/Users/apple/Documents/Projects/ivex/client/src/utils/Navbars/Navbar.util.js", "JavaScript", 411, 0, 0, 0, 0, 0, 0, 0, 0, 0, 0, 0, 2, 19, 432
"/Users/apple/Documents/Projects/ivex/client/src/utils/Navbars/_navbar.util.scss", "SCSS", 0, 132, 0, 0, 0, 0, 0, 0, 0, 0, 0, 0, 1, 30, 163
"/Users/apple/Documents/Projects/ivex/client/src/utils/PriceCard/PriceCard.util.js", "JavaScript", 72, 0, 0, 0, 0, 0, 0, 0, 0, 0, 0, 0, 0, 8, 80
"/Users/apple/Documents/Projects/ivex/client/src/utils/PriceCard/_priceCard.util.scss", "SCSS", 0, 166, 0, 0, 0, 0, 0, 0, 0, 0, 0, 0, 4, 29, 199
"/Users/apple/Documents/Projects/ivex/client/src/utils/PriceCardFrontpage/PriceCardFrontpage.util.js", "JavaScript", 72, 0, 0, 0, 0, 0, 0, 0, 0, 0, 0, 0, 0, 7, 79
"/Users/apple/Documents/Projects/ivex/client/src/utils/PriceCardFrontpage/_priceCardFrontpage.util.scss", "SCSS", 0, 261, 0, 0, 0, 0, 0, 0, 0, 0, 0, 0, 6, 44, 311
"/Users/apple/Documents/Projects/ivex/client/src/utils/ProfileCard/ProfileCard.util.js", "JavaScript", 26, 0, 0, 0, 0, 0, 0, 0, 0, 0, 0, 0, 0, 3, 29
"/Users/apple/Documents/Projects/ivex/client/src/utils/ProfileCard/_profileCard.util.scss", "SCSS", 0, 16, 0, 0, 0, 0, 0, 0, 0, 0, 0, 0, 0, 2, 18
"/Users/apple/Documents/Projects/ivex/client/src/utils/ScriptCard/_scriptcard.util.scss", "SCSS", 0, 43, 0, 0, 0, 0, 0, 0, 0, 0, 0, 0, 0, 6, 49
"/Users/apple/Documents/Projects/ivex/client/src/utils/ScriptCard/scriptcard.util.js", "JavaScript", 86, 0, 0, 0, 0, 0, 0, 0, 0, 0, 0, 0, 4, 8, 98
"/Users/apple/Documents/Projects/ivex/client/src/utils/ScriptsCarousel/ScriptsCarousel.util.js", "JavaScript", 147, 0, 0, 0, 0, 0, 0, 0, 0, 0, 0, 0, 13, 9, 169
"/Users/apple/Documents/Projects/ivex/client/src/utils/ScriptsCarousel/_scriptsCarousel.util.scss", "SCSS", 0, 83, 0, 0, 0, 0, 0, 0, 0, 0, 0, 0, 1, 11, 95
"/Users/apple/Documents/Projects/ivex/client/src/utils/Searchbar/Searchbar.util.js", "JavaScript", 15, 0, 0, 0, 0, 0, 0, 0, 0, 0, 0, 0, 0, 3, 18
"/Users/apple/Documents/Projects/ivex/client/src/utils/Searchbar/_searchbar.util.scss", "SCSS", 0, 21, 0, 0, 0, 0, 0, 0, 0, 0, 0, 0, 0, 1, 22
"/Users/apple/Documents/Projects/ivex/client/src/utils/Spinner/Spinner.util.js", "JavaScript", 10, 0, 0, 0, 0, 0, 0, 0, 0, 0, 0, 0, 0, 4, 14
"/Users/apple/Documents/Projects/ivex/client/src/utils/SubscriptionCard/SubscriptionCard.util.js", "JavaScript", 33, 0, 0, 0, 0, 0, 0, 0, 0, 0, 0, 0, 0, 4, 37
"/Users/apple/Documents/Projects/ivex/client/src/utils/SubscriptionCard/_subscriptionCard.util.scss", "SCSS", 0, 22, 0, 0, 0, 0, 0, 0, 0, 0, 0, 0, 0, 3, 25
"/Users/apple/Documents/Projects/ivex/client/src/utils/Tags/Tag.util.js", "JavaScript", 5, 0, 0, 0, 0, 0, 0, 0, 0, 0, 0, 0, 0, 3, 8
"/Users/apple/Documents/Projects/ivex/client/src/utils/Tags/_tag.util.scss", "SCSS", 0, 16, 0, 0, 0, 0, 0, 0, 0, 0, 0, 0, 0, 1, 17
"/Users/apple/Documents/Projects/ivex/client/src/utils/index.js", "JavaScript", 0, 0, 0, 0, 0, 0, 0, 0, 0, 0, 0, 0, 1, 1, 2
"/Users/apple/Documents/Projects/ivex/readme.md", "Markdown", 0, 0, 0, 0, 0, 8, 0, 0, 0, 0, 0, 0, 0, 1, 9
"/Users/apple/Documents/Projects/ivex/server/.prettierrc.json", "JSON", 0, 0, 0, 0, 0, 0, 8, 0, 0, 0, 0, 0, 0, 1, 9
"/Users/apple/Documents/Projects/ivex/server/build/app.js", "JavaScript", 30, 0, 0, 0, 0, 0, 0, 0, 0, 0, 0, 0, 1, 0, 31
"/Users/apple/Documents/Projects/ivex/server/build/controllers/Admin.controller.js", "JavaScript", 210, 0, 0, 0, 0, 0, 0, 0, 0, 0, 0, 0, 1, 0, 211
"/Users/apple/Documents/Projects/ivex/server/build/controllers/Analytics.controller.js", "JavaScript", 551, 0, 0, 0, 0, 0, 0, 0, 0, 0, 0, 0, 1, 0, 552
"/Users/apple/Documents/Projects/ivex/server/build/controllers/Auth.controller.js", "JavaScript", 110, 0, 0, 0, 0, 0, 0, 0, 0, 0, 0, 0, 1, 0, 111
"/Users/apple/Documents/Projects/ivex/server/build/controllers/Highlights.controller.js", "JavaScript", 158, 0, 0, 0, 0, 0, 0, 0, 0, 0, 0, 0, 1, 0, 159
"/Users/apple/Documents/Projects/ivex/server/build/controllers/Publisher.controller.js", "JavaScript", 214, 0, 0, 0, 0, 0, 0, 0, 0, 0, 0, 0, 1, 0, 215
"/Users/apple/Documents/Projects/ivex/server/build/controllers/Script.controller.js", "JavaScript", 437, 0, 0, 0, 0, 0, 0, 0, 0, 0, 0, 0, 1, 0, 438
"/Users/apple/Documents/Projects/ivex/server/build/controllers/User.controller.js", "JavaScript", 441, 0, 0, 0, 0, 0, 0, 0, 0, 0, 0, 0, 1, 0, 442
"/Users/apple/Documents/Projects/ivex/server/build/controllers/index.js", "JavaScript", 99, 0, 0, 0, 0, 0, 0, 0, 0, 0, 0, 0, 1, 0, 100
"/Users/apple/Documents/Projects/ivex/server/build/database/connection.js", "JavaScript", 53, 0, 0, 0, 0, 0, 0, 0, 0, 0, 0, 0, 1, 0, 54
"/Users/apple/Documents/Projects/ivex/server/build/database/models/admin.model.js", "JavaScript", 39, 0, 0, 0, 0, 0, 0, 0, 0, 0, 0, 0, 1, 0, 40
"/Users/apple/Documents/Projects/ivex/server/build/database/models/category.model.js", "JavaScript", 11, 0, 0, 0, 0, 0, 0, 0, 0, 0, 0, 0, 1, 0, 12
"/Users/apple/Documents/Projects/ivex/server/build/database/models/highlights.model.js", "JavaScript", 30, 0, 0, 0, 0, 0, 0, 0, 0, 0, 0, 0, 1, 0, 31
"/Users/apple/Documents/Projects/ivex/server/build/database/models/index.js", "JavaScript", 23, 0, 0, 0, 0, 0, 0, 0, 0, 0, 0, 0, 1, 0, 24
"/Users/apple/Documents/Projects/ivex/server/build/database/models/publisher.model.js", "JavaScript", 38, 0, 0, 0, 0, 0, 0, 0, 0, 0, 0, 0, 1, 0, 39
"/Users/apple/Documents/Projects/ivex/server/build/database/models/publisher_analytics.model.js", "JavaScript", 28, 0, 0, 0, 0, 0, 0, 0, 0, 0, 0, 0, 1, 0, 29
"/Users/apple/Documents/Projects/ivex/server/build/database/models/script.model.js", "JavaScript", 41, 0, 0, 0, 0, 0, 0, 0, 0, 0, 0, 0, 1, 0, 42
"/Users/apple/Documents/Projects/ivex/server/build/database/models/user.model.js", "JavaScript", 110, 0, 0, 0, 0, 0, 0, 0, 0, 0, 0, 0, 1, 0, 111
"/Users/apple/Documents/Projects/ivex/server/build/database/models/user_analytics.model.js", "JavaScript", 35, 0, 0, 0, 0, 0, 0, 0, 0, 0, 0, 0, 1, 0, 36
"/Users/apple/Documents/Projects/ivex/server/build/database/models/user_script.model.js", "JavaScript", 20, 0, 0, 0, 0, 0, 0, 0, 0, 0, 0, 0, 1, 0, 21
"/Users/apple/Documents/Projects/ivex/server/build/database/seedDb.js", "JavaScript", 26, 0, 0, 0, 0, 0, 0, 0, 0, 0, 0, 0, 1, 0, 27
"/Users/apple/Documents/Projects/ivex/server/build/database/seeders/admin.seeder.js", "JavaScript", 38, 0, 0, 0, 0, 0, 0, 0, 0, 0, 0, 0, 1, 0, 39
"/Users/apple/Documents/Projects/ivex/server/build/database/seeders/category.seeder.js", "JavaScript", 35, 0, 0, 0, 0, 0, 0, 0, 0, 0, 0, 0, 1, 0, 36
"/Users/apple/Documents/Projects/ivex/server/build/database/seeders/index.js", "JavaScript", 15, 0, 0, 0, 0, 0, 0, 0, 0, 0, 0, 0, 1, 0, 16
"/Users/apple/Documents/Projects/ivex/server/build/database/seeders/publisher.seeder.js", "JavaScript", 39, 0, 0, 0, 0, 0, 0, 0, 0, 0, 0, 0, 1, 0, 40
"/Users/apple/Documents/Projects/ivex/server/build/database/seeders/publisher_analytics.seeder.js", "JavaScript", 54, 0, 0, 0, 0, 0, 0, 0, 0, 0, 0, 0, 1, 0, 55
"/Users/apple/Documents/Projects/ivex/server/build/database/seeders/script.seeder.js", "JavaScript", 104, 0, 0, 0, 0, 0, 0, 0, 0, 0, 0, 0, 1, 0, 105
"/Users/apple/Documents/Projects/ivex/server/build/database/seeders/user_analytics_seeder.js", "JavaScript", 79, 0, 0, 0, 0, 0, 0, 0, 0, 0, 0, 0, 1, 0, 80
"/Users/apple/Documents/Projects/ivex/server/build/database/seeders/users.seeder.js", "JavaScript", 54, 0, 0, 0, 0, 0, 0, 0, 0, 0, 0, 0, 1, 0, 55
"/Users/apple/Documents/Projects/ivex/server/build/database/syncDb.js", "JavaScript", 21, 0, 0, 0, 0, 0, 0, 0, 0, 0, 0, 0, 1, 0, 22
"/Users/apple/Documents/Projects/ivex/server/build/emails/config.js", "JavaScript", 28, 0, 0, 0, 0, 0, 0, 0, 0, 0, 0, 0, 1, 0, 29
"/Users/apple/Documents/Projects/ivex/server/build/emails/index.js", "JavaScript", 5, 0, 0, 0, 0, 0, 0, 0, 0, 0, 0, 0, 1, 0, 6
"/Users/apple/Documents/Projects/ivex/server/build/helpers/emailMessage.interface.js", "JavaScript", 2, 0, 0, 0, 0, 0, 0, 0, 0, 0, 0, 0, 1, 0, 3
"/Users/apple/Documents/Projects/ivex/server/build/helpers/index.js", "JavaScript", 9, 0, 0, 0, 0, 0, 0, 0, 0, 0, 0, 0, 1, 0, 10
"/Users/apple/Documents/Projects/ivex/server/build/helpers/publisher-pay.helper.js", "JavaScript", 20, 0, 0, 0, 0, 0, 0, 0, 0, 0, 0, 0, 1, 0, 21
"/Users/apple/Documents/Projects/ivex/server/build/helpers/response.helper.js", "JavaScript", 9, 0, 0, 0, 0, 0, 0, 0, 0, 0, 0, 0, 1, 0, 10
"/Users/apple/Documents/Projects/ivex/server/build/helpers/trimester.helper.js", "JavaScript", 17, 0, 0, 0, 0, 0, 0, 0, 0, 0, 0, 0, 1, 0, 18
"/Users/apple/Documents/Projects/ivex/server/build/helpers/user-category-email.function.js", "JavaScript", 106, 0, 0, 0, 0, 0, 0, 0, 0, 0, 0, 0, 1, 0, 107
"/Users/apple/Documents/Projects/ivex/server/build/jobs/index.js", "JavaScript", 5, 0, 0, 0, 0, 0, 0, 0, 0, 0, 0, 0, 1, 0, 6
"/Users/apple/Documents/Projects/ivex/server/build/jobs/pickedScriptsEveryDay.job.js", "JavaScript", 73, 0, 0, 0, 0, 0, 0, 0, 0, 0, 0, 0, 1, 0, 74
"/Users/apple/Documents/Projects/ivex/server/build/middlewares/Auth.middleware.js", "JavaScript", 142, 0, 0, 0, 0, 0, 0, 0, 0, 0, 0, 0, 1, 0, 143
"/Users/apple/Documents/Projects/ivex/server/build/middlewares/UserProfile.middleware.js", "JavaScript", 22, 0, 0, 0, 0, 0, 0, 0, 0, 0, 0, 0, 1, 0, 23
"/Users/apple/Documents/Projects/ivex/server/build/middlewares/index.js", "JavaScript", 9, 0, 0, 0, 0, 0, 0, 0, 0, 0, 0, 0, 1, 0, 10
"/Users/apple/Documents/Projects/ivex/server/build/routes/Analytics.router.js", "JavaScript", 21, 0, 0, 0, 0, 0, 0, 0, 0, 0, 0, 0, 1, 0, 22
"/Users/apple/Documents/Projects/ivex/server/build/routes/Login.router.js", "JavaScript", 12, 0, 0, 0, 0, 0, 0, 0, 0, 0, 0, 0, 1, 0, 13
"/Users/apple/Documents/Projects/ivex/server/build/routes/Publisher.router.js", "JavaScript", 24, 0, 0, 0, 0, 0, 0, 0, 0, 0, 0, 0, 1, 0, 25
"/Users/apple/Documents/Projects/ivex/server/build/routes/User.router.js", "JavaScript", 29, 0, 0, 0, 0, 0, 0, 0, 0, 0, 0, 0, 1, 0, 30
"/Users/apple/Documents/Projects/ivex/server/build/routes/admin.router.js", "JavaScript", 21, 0, 0, 0, 0, 0, 0, 0, 0, 0, 0, 0, 1, 0, 22
"/Users/apple/Documents/Projects/ivex/server/build/routes/highlight.router.js", "JavaScript", 16, 0, 0, 0, 0, 0, 0, 0, 0, 0, 0, 0, 1, 0, 17
"/Users/apple/Documents/Projects/ivex/server/build/routes/index.js", "JavaScript", 13, 0, 0, 0, 0, 0, 0, 0, 0, 0, 0, 0, 1, 0, 14
"/Users/apple/Documents/Projects/ivex/server/build/routes/router.js", "JavaScript", 30, 0, 0, 0, 0, 0, 0, 0, 0, 0, 0, 0, 1, 0, 31
"/Users/apple/Documents/Projects/ivex/server/build/routes/scripts.router.js", "JavaScript", 64, 0, 0, 0, 0, 0, 0, 0, 0, 0, 0, 0, 1, 0, 65
"/Users/apple/Documents/Projects/ivex/server/build/tests/Highlights/Highlight.test.js", "JavaScript", 157, 0, 0, 0, 0, 0, 0, 0, 0, 0, 0, 0, 1, 0, 158
"/Users/apple/Documents/Projects/ivex/server/build/tests/Highlights/Page.test.js", "JavaScript", 133, 0, 0, 0, 0, 0, 0, 0, 0, 0, 0, 0, 1, 0, 134
"/Users/apple/Documents/Projects/ivex/server/build/tests/Publisher/createGetPublisher.test.js", "JavaScript", 73, 0, 0, 0, 0, 0, 0, 0, 0, 0, 0, 0, 1, 0, 74
"/Users/apple/Documents/Projects/ivex/server/build/tests/Publisher/deletePublisher.test.js", "JavaScript", 52, 0, 0, 0, 0, 0, 0, 0, 0, 0, 0, 0, 1, 0, 53
"/Users/apple/Documents/Projects/ivex/server/build/tests/Publisher/editPublisher.test.js", "JavaScript", 100, 0, 0, 0, 0, 0, 0, 0, 0, 0, 0, 0, 1, 0, 101
"/Users/apple/Documents/Projects/ivex/server/build/tests/Scripts/createScript.test.js", "JavaScript", 55, 0, 0, 0, 0, 0, 0, 0, 0, 0, 0, 0, 1, 0, 56
"/Users/apple/Documents/Projects/ivex/server/build/tests/Scripts/getScript.test.js", "JavaScript", 53, 0, 0, 0, 0, 0, 0, 0, 0, 0, 0, 0, 1, 0, 54
"/Users/apple/Documents/Projects/ivex/server/build/tests/User/createUser.test.js", "JavaScript", 158, 0, 0, 0, 0, 0, 0, 0, 0, 0, 0, 0, 1, 0, 159
"/Users/apple/Documents/Projects/ivex/server/build/tests/User/getUser.test.js", "JavaScript", 76, 0, 0, 0, 0, 0, 0, 0, 0, 0, 0, 0, 1, 0, 77
"/Users/apple/Documents/Projects/ivex/server/build/validators/Admin/Admin.validator.js", "JavaScript", 47, 0, 0, 0, 0, 0, 0, 0, 0, 0, 0, 0, 1, 0, 48
"/Users/apple/Documents/Projects/ivex/server/build/validators/Analytics/Analytics.validator.js", "JavaScript", 44, 0, 0, 0, 0, 0, 0, 0, 0, 0, 0, 0, 1, 0, 45
"/Users/apple/Documents/Projects/ivex/server/build/validators/Auth/auth.validator.js", "JavaScript", 15, 0, 0, 0, 0, 0, 0, 0, 0, 0, 0, 0, 1, 0, 16
"/Users/apple/Documents/Projects/ivex/server/build/validators/Highlights/highlights.validator.js", "JavaScript", 81, 0, 0, 0, 0, 0, 0, 0, 0, 0, 0, 0, 1, 0, 82
"/Users/apple/Documents/Projects/ivex/server/build/validators/Publisher/Publisher.validator.js", "JavaScript", 89, 0, 0, 0, 0, 0, 0, 0, 0, 0, 0, 0, 1, 0, 90
"/Users/apple/Documents/Projects/ivex/server/build/validators/Script/script.validator.js", "JavaScript", 111, 0, 0, 0, 0, 0, 0, 0, 0, 0, 0, 0, 1, 0, 112
"/Users/apple/Documents/Projects/ivex/server/build/validators/User/User.validator.js", "JavaScript", 217, 0, 0, 0, 0, 0, 0, 0, 0, 0, 0, 0, 1, 0, 218
"/Users/apple/Documents/Projects/ivex/server/build/validators/index.js", "JavaScript", 65, 0, 0, 0, 0, 0, 0, 0, 0, 0, 0, 0, 1, 0, 66
"/Users/apple/Documents/Projects/ivex/server/package.json", "JSON", 0, 0, 0, 0, 0, 0, 78, 0, 0, 0, 0, 0, 0, 1, 79
"/Users/apple/Documents/Projects/ivex/server/src/app.ts", "TypeScript", 0, 0, 0, 0, 0, 0, 0, 0, 0, 32, 0, 0, 6, 9, 47
"/Users/apple/Documents/Projects/ivex/server/src/controllers/Admin.controller.ts", "TypeScript", 0, 0, 0, 0, 0, 0, 0, 0, 0, 203, 0, 0, 10, 19, 232
"/Users/apple/Documents/Projects/ivex/server/src/controllers/Analytics.controller.ts", "TypeScript", 0, 0, 0, 0, 0, 0, 0, 0, 0, 575, 0, 0, 29, 40, 644
"/Users/apple/Documents/Projects/ivex/server/src/controllers/Auth.controller.ts", "TypeScript", 0, 0, 0, 0, 0, 0, 0, 0, 0, 104, 0, 0, 0, 8, 112
"/Users/apple/Documents/Projects/ivex/server/src/controllers/Category.controller.ts", "TypeScript", 0, 0, 0, 0, 0, 0, 0, 0, 0, 102, 0, 0, 2, 16, 120
"/Users/apple/Documents/Projects/ivex/server/src/controllers/Highlights.controller.ts", "TypeScript", 0, 0, 0, 0, 0, 0, 0, 0, 0, 150, 0, 0, 4, 13, 167
"/Users/apple/Documents/Projects/ivex/server/src/controllers/Publisher.controller.ts", "TypeScript", 0, 0, 0, 0, 0, 0, 0, 0, 0, 210, 0, 0, 12, 22, 244
"/Users/apple/Documents/Projects/ivex/server/src/controllers/Script.controller.ts", "TypeScript", 0, 0, 0, 0, 0, 0, 0, 0, 0, 453, 0, 0, 11, 49, 513
"/Users/apple/Documents/Projects/ivex/server/src/controllers/Subscription.controller.ts", "TypeScript", 0, 0, 0, 0, 0, 0, 0, 0, 0, 187, 0, 0, 25, 31, 243
"/Users/apple/Documents/Projects/ivex/server/src/controllers/User.controller.ts", "TypeScript", 0, 0, 0, 0, 0, 0, 0, 0, 0, 497, 0, 0, 9, 58, 564
"/Users/apple/Documents/Projects/ivex/server/src/controllers/index.ts", "TypeScript", 0, 0, 0, 0, 0, 0, 0, 0, 0, 52, 0, 0, 0, 1, 53
"/Users/apple/Documents/Projects/ivex/server/src/database/connection.ts", "TypeScript", 0, 0, 0, 0, 0, 0, 0, 0, 0, 36, 0, 0, 2, 3, 41
"/Users/apple/Documents/Projects/ivex/server/src/database/models/admin.model.ts", "TypeScript", 0, 0, 0, 0, 0, 0, 0, 0, 0, 43, 0, 0, 0, 4, 47
"/Users/apple/Documents/Projects/ivex/server/src/database/models/category.model.ts", "TypeScript", 0, 0, 0, 0, 0, 0, 0, 0, 0, 8, 0, 0, 1, 4, 13
"/Users/apple/Documents/Projects/ivex/server/src/database/models/highlights.model.ts", "TypeScript", 0, 0, 0, 0, 0, 0, 0, 0, 0, 41, 0, 0, 2, 4, 47
"/Users/apple/Documents/Projects/ivex/server/src/database/models/index.ts", "TypeScript", 0, 0, 0, 0, 0, 0, 0, 0, 0, 16, 0, 0, 0, 1, 17
"/Users/apple/Documents/Projects/ivex/server/src/database/models/publisher.model.ts", "TypeScript", 0, 0, 0, 0, 0, 0, 0, 0, 0, 41, 0, 0, 0, 4, 45
"/Users/apple/Documents/Projects/ivex/server/src/database/models/publisher_analytics.model.ts", "TypeScript", 0, 0, 0, 0, 0, 0, 0, 0, 0, 44, 0, 0, 0, 4, 48
"/Users/apple/Documents/Projects/ivex/server/src/database/models/script.model.ts", "TypeScript", 0, 0, 0, 0, 0, 0, 0, 0, 0, 81, 0, 0, 0, 4, 85
"/Users/apple/Documents/Projects/ivex/server/src/database/models/user.model.ts", "TypeScript", 0, 0, 0, 0, 0, 0, 0, 0, 0, 141, 0, 0, 0, 3, 144
"/Users/apple/Documents/Projects/ivex/server/src/database/models/user_analytics.model.ts", "TypeScript", 0, 0, 0, 0, 0, 0, 0, 0, 0, 52, 0, 0, 0, 4, 56
"/Users/apple/Documents/Projects/ivex/server/src/database/models/user_script.model.ts", "TypeScript", 0, 0, 0, 0, 0, 0, 0, 0, 0, 14, 0, 0, 0, 1, 15
"/Users/apple/Documents/Projects/ivex/server/src/database/seedDb.ts", "TypeScript", 0, 0, 0, 0, 0, 0, 0, 0, 0, 22, 0, 0, 0, 3, 25
"/Users/apple/Documents/Projects/ivex/server/src/database/seeders/admin.seeder.ts", "TypeScript", 0, 0, 0, 0, 0, 0, 0, 0, 0, 21, 0, 0, 0, 2, 23
"/Users/apple/Documents/Projects/ivex/server/src/database/seeders/category.seeder.ts", "TypeScript", 0, 0, 0, 0, 0, 0, 0, 0, 0, 58, 0, 0, 7, 4, 69
"/Users/apple/Documents/Projects/ivex/server/src/database/seeders/index.ts", "TypeScript", 0, 0, 0, 0, 0, 0, 0, 0, 0, 6, 0, 0, 0, 1, 7
"/Users/apple/Documents/Projects/ivex/server/src/database/seeders/publisher.seeder.ts", "TypeScript", 0, 0, 0, 0, 0, 0, 0, 0, 0, 22, 0, 0, 0, 2, 24
"/Users/apple/Documents/Projects/ivex/server/src/database/seeders/publisher_analytics.seeder.ts", "TypeScript", 0, 0, 0, 0, 0, 0, 0, 0, 0, 43, 0, 0, 5, 2, 50
"/Users/apple/Documents/Projects/ivex/server/src/database/seeders/script.seeder.ts", "TypeScript", 0, 0, 0, 0, 0, 0, 0, 0, 0, 130, 0, 0, 0, 8, 138
"/Users/apple/Documents/Projects/ivex/server/src/database/seeders/user_analytics_seeder.ts", "TypeScript", 0, 0, 0, 0, 0, 0, 0, 0, 0, 74, 0, 0, 60, 2, 136
"/Users/apple/Documents/Projects/ivex/server/src/database/seeders/users.seeder.ts", "TypeScript", 0, 0, 0, 0, 0, 0, 0, 0, 0, 37, 0, 0, 0, 2, 39
"/Users/apple/Documents/Projects/ivex/server/src/database/syncDb.ts", "TypeScript", 0, 0, 0, 0, 0, 0, 0, 0, 0, 20, 0, 0, 0, 2, 22
"/Users/apple/Documents/Projects/ivex/server/src/emails/config.ts", "TypeScript", 0, 0, 0, 0, 0, 0, 0, 0, 0, 25, 0, 0, 1, 2, 28
"/Users/apple/Documents/Projects/ivex/server/src/emails/index.ts", "TypeScript", 0, 0, 0, 0, 0, 0, 0, 0, 0, 1, 0, 0, 0, 1, 2
"/Users/apple/Documents/Projects/ivex/server/src/emails/templates/layouts/admin-password.handlebars", "Handlebars", 0, 0, 0, 0, 0, 0, 0, 0, 0, 0, 407, 0, 0, 36, 443
"/Users/apple/Documents/Projects/ivex/server/src/emails/templates/layouts/after_ten_days.handlebars", "Handlebars", 0, 0, 0, 0, 0, 0, 0, 0, 0, 0, 347, 0, 0, 24, 371
"/Users/apple/Documents/Projects/ivex/server/src/emails/templates/layouts/cancel_membership.handlebars", "Handlebars", 0, 0, 0, 0, 0, 0, 0, 0, 0, 0, 467, 0, 0, 31, 498
"/Users/apple/Documents/Projects/ivex/server/src/emails/templates/layouts/contact-form.handlebars", "Handlebars", 0, 0, 0, 0, 0, 0, 0, 0, 0, 0, 219, 0, 0, 19, 238
"/Users/apple/Documents/Projects/ivex/server/src/emails/templates/layouts/forgot-password.handlebars", "Handlebars", 0, 0, 0, 0, 0, 0, 0, 0, 0, 0, 285, 0, 0, 24, 309
"/Users/apple/Documents/Projects/ivex/server/src/emails/templates/layouts/new_script.handlebars", "Handlebars", 0, 0, 0, 0, 0, 0, 0, 0, 0, 0, 447, 0, 0, 31, 478
"/Users/apple/Documents/Projects/ivex/server/src/emails/templates/layouts/publisher-password.handlebars", "Handlebars", 0, 0, 0, 0, 0, 0, 0, 0, 0, 0, 490, 0, 0, 40, 530
"/Users/apple/Documents/Projects/ivex/server/src/emails/templates/layouts/registrantion-confirm.handlebars", "Handlebars", 0, 0, 0, 0, 0, 0, 0, 0, 0, 0, 515, 0, 0, 37, 552
"/Users/apple/Documents/Projects/ivex/server/src/emails/templates/layouts/script-change-request.handlebars", "Handlebars", 0, 0, 0, 0, 0, 0, 0, 0, 0, 0, 5, 0, 0, 0, 5
"/Users/apple/Documents/Projects/ivex/server/src/emails/templates/layouts/script.handlebars", "Handlebars", 0, 0, 0, 0, 0, 0, 0, 0, 0, 0, 249, 0, 0, 20, 269
"/Users/apple/Documents/Projects/ivex/server/src/emails/templates/layouts/script_approved.handlebars", "Handlebars", 0, 0, 0, 0, 0, 0, 0, 0, 0, 0, 279, 0, 0, 23, 302
"/Users/apple/Documents/Projects/ivex/server/src/emails/templates/main.handlebars", "Handlebars", 0, 0, 0, 0, 0, 0, 0, 0, 0, 0, 70, 0, 0, 15, 85
"/Users/apple/Documents/Projects/ivex/server/src/helpers/emailMessage.interface.ts", "TypeScript", 0, 0, 0, 0, 0, 0, 0, 0, 0, 8, 0, 0, 0, 2, 10
"/Users/apple/Documents/Projects/ivex/server/src/helpers/index.ts", "TypeScript", 0, 0, 0, 0, 0, 0, 0, 0, 0, 6, 0, 0, 0, 1, 7
"/Users/apple/Documents/Projects/ivex/server/src/helpers/publisher-pay.helper.ts", "TypeScript", 0, 0, 0, 0, 0, 0, 0, 0, 0, 5, 0, 0, 0, 3, 8
"/Users/apple/Documents/Projects/ivex/server/src/helpers/response.helper.ts", "TypeScript", 0, 0, 0, 0, 0, 0, 0, 0, 0, 5, 0, 0, 0, 1, 6
"/Users/apple/Documents/Projects/ivex/server/src/helpers/trimester.helper.ts", "TypeScript", 0, 0, 0, 0, 0, 0, 0, 0, 0, 12, 0, 0, 3, 1, 16
"/Users/apple/Documents/Projects/ivex/server/src/helpers/user-category-email.function.ts", "TypeScript", 0, 0, 0, 0, 0, 0, 0, 0, 0, 104, 0, 0, 1, 18, 123
"/Users/apple/Documents/Projects/ivex/server/src/jobs/index.ts", "TypeScript", 0, 0, 0, 0, 0, 0, 0, 0, 0, 1, 0, 0, 0, 1, 2
"/Users/apple/Documents/Projects/ivex/server/src/jobs/pickedScriptsEveryDay.job.ts", "TypeScript", 0, 0, 0, 0, 0, 0, 0, 0, 0, 54, 0, 0, 0, 3, 57
"/Users/apple/Documents/Projects/ivex/server/src/middlewares/Auth.middleware.ts", "TypeScript", 0, 0, 0, 0, 0, 0, 0, 0, 0, 127, 0, 0, 0, 9, 136
"/Users/apple/Documents/Projects/ivex/server/src/middlewares/UserProfile.middleware.ts", "TypeScript", 0, 0, 0, 0, 0, 0, 0, 0, 0, 20, 0, 0, 0, 3, 23
"/Users/apple/Documents/Projects/ivex/server/src/middlewares/index.ts", "TypeScript", 0, 0, 0, 0, 0, 0, 0, 0, 0, 3, 0, 0, 0, 1, 4
"/Users/apple/Documents/Projects/ivex/server/src/routes/Analytics.router.ts", "TypeScript", 0, 0, 0, 0, 0, 0, 0, 0, 0, 64, 0, 0, 6, 11, 81
"/Users/apple/Documents/Projects/ivex/server/src/routes/Cateogies.router.ts", "TypeScript", 0, 0, 0, 0, 0, 0, 0, 0, 0, 17, 0, 0, 4, 5, 26
"/Users/apple/Documents/Projects/ivex/server/src/routes/Login.router.ts", "TypeScript", 0, 0, 0, 0, 0, 0, 0, 0, 0, 6, 0, 0, 0, 3, 9
"/Users/apple/Documents/Projects/ivex/server/src/routes/Publisher.router.ts", "TypeScript", 0, 0, 0, 0, 0, 0, 0, 0, 0, 66, 0, 0, 3, 7, 76
"/Users/apple/Documents/Projects/ivex/server/src/routes/User.router.ts", "TypeScript", 0, 0, 0, 0, 0, 0, 0, 0, 0, 103, 0, 0, 6, 8, 117
"/Users/apple/Documents/Projects/ivex/server/src/routes/admin.router.ts", "TypeScript", 0, 0, 0, 0, 0, 0, 0, 0, 0, 44, 0, 0, 2, 5, 51
"/Users/apple/Documents/Projects/ivex/server/src/routes/highlight.router.ts", "TypeScript", 0, 0, 0, 0, 0, 0, 0, 0, 0, 40, 0, 0, 2, 6, 48
"/Users/apple/Documents/Projects/ivex/server/src/routes/index.ts", "TypeScript", 0, 0, 0, 0, 0, 0, 0, 0, 0, 6, 0, 0, 0, 1, 7
"/Users/apple/Documents/Projects/ivex/server/src/routes/router.ts", "TypeScript", 0, 0, 0, 0, 0, 0, 0, 0, 0, 26, 0, 0, 0, 5, 31
"/Users/apple/Documents/Projects/ivex/server/src/routes/scripts.router.ts", "TypeScript", 0, 0, 0, 0, 0, 0, 0, 0, 0, 124, 0, 0, 7, 14, 145
"/Users/apple/Documents/Projects/ivex/server/src/routes/subscription.router.ts", "TypeScript", 0, 0, 0, 0, 0, 0, 0, 0, 0, 26, 0, 0, 0, 4, 30
"/Users/apple/Documents/Projects/ivex/server/src/tests/Highlights/Highlight.test.ts", "TypeScript", 0, 0, 0, 0, 0, 0, 0, 0, 0, 145, 0, 0, 21, 24, 190
"/Users/apple/Documents/Projects/ivex/server/src/tests/Highlights/Page.test.ts", "TypeScript", 0, 0, 0, 0, 0, 0, 0, 0, 0, 125, 0, 0, 4, 18, 147
"/Users/apple/Documents/Projects/ivex/server/src/tests/Publisher/createGetPublisher.test.ts", "TypeScript", 0, 0, 0, 0, 0, 0, 0, 0, 0, 61, 0, 0, 0, 8, 69
"/Users/apple/Documents/Projects/ivex/server/src/tests/Publisher/deletePublisher.test.ts", "TypeScript", 0, 0, 0, 0, 0, 0, 0, 0, 0, 38, 0, 0, 3, 7, 48
"/Users/apple/Documents/Projects/ivex/server/src/tests/Publisher/editPublisher.test.ts", "TypeScript", 0, 0, 0, 0, 0, 0, 0, 0, 0, 86, 0, 0, 0, 17, 103
"/Users/apple/Documents/Projects/ivex/server/src/tests/Scripts/createScript.test.ts", "TypeScript", 0, 0, 0, 0, 0, 0, 0, 0, 0, 41, 0, 0, 38, 7, 86
"/Users/apple/Documents/Projects/ivex/server/src/tests/Scripts/getScript.test.ts", "TypeScript", 0, 0, 0, 0, 0, 0, 0, 0, 0, 39, 0, 0, 42, 10, 91
"/Users/apple/Documents/Projects/ivex/server/src/tests/User/createUser.test.ts", "TypeScript", 0, 0, 0, 0, 0, 0, 0, 0, 0, 146, 0, 0, 0, 12, 158
"/Users/apple/Documents/Projects/ivex/server/src/tests/User/getUser.test.ts", "TypeScript", 0, 0, 0, 0, 0, 0, 0, 0, 0, 61, 0, 0, 2, 6, 69
"/Users/apple/Documents/Projects/ivex/server/src/validators/Admin/Admin.validator.ts", "TypeScript", 0, 0, 0, 0, 0, 0, 0, 0, 0, 44, 0, 0, 0, 7, 51
"/Users/apple/Documents/Projects/ivex/server/src/validators/Analytics/Analytics.validator.ts", "TypeScript", 0, 0, 0, 0, 0, 0, 0, 0, 0, 41, 0, 0, 0, 7, 48
"/Users/apple/Documents/Projects/ivex/server/src/validators/Auth/auth.validator.ts", "TypeScript", 0, 0, 0, 0, 0, 0, 0, 0, 0, 12, 0, 0, 0, 2, 14
"/Users/apple/Documents/Projects/ivex/server/src/validators/Highlights/highlights.validator.ts", "TypeScript", 0, 0, 0, 0, 0, 0, 0, 0, 0, 78, 0, 0, 0, 13, 91
"/Users/apple/Documents/Projects/ivex/server/src/validators/Publisher/Publisher.validator.ts", "TypeScript", 0, 0, 0, 0, 0, 0, 0, 0, 0, 86, 0, 0, 0, 13, 99
"/Users/apple/Documents/Projects/ivex/server/src/validators/Script/script.validator.ts", "TypeScript", 0, 0, 0, 0, 0, 0, 0, 0, 0, 108, 0, 0, 0, 21, 129
"/Users/apple/Documents/Projects/ivex/server/src/validators/User/User.validator.ts", "TypeScript", 0, 0, 0, 0, 0, 0, 0, 0, 0, 214, 0, 0, 0, 24, 238
"/Users/apple/Documents/Projects/ivex/server/src/validators/index.ts", "TypeScript", 0, 0, 0, 0, 0, 0, 0, 0, 0, 35, 0, 0, 0, 1, 36
"/Users/apple/Documents/Projects/ivex/server/tsconfig.json", "JSON with Comments", 0, 0, 0, 0, 29, 0, 0, 0, 0, 0, 0, 0, 0, 3, 32
"Total", "-", 29465, 3767, 38, 475, 58, 46, 171, 324, 25, 5768, 3780, 46, 2903, 4742, 51608